{"cameraMode":{"drawMode":0,"name":"Shaded","section":"Shading Mode"},"sceneLighting":false,"audioPlay":false,"sceneViewState":{"m_AlwaysRefresh":false,"showFog":false,"showSkybox":false,"showFlares":false,"showImageEffects":false,"showParticleSystems":false,"showVisualEffectGraphs":true,"m_FxEnabled":true},"in2DMode":false,"pivot":{"x":0.4846925139427185,"y":0.9666922092437744,"z":0.09273314476013184},"rotation":{"x":-0.009759323671460152,"y":-0.9875661134719849,"z":0.06825444847345352,"w":-0.14167925715446473},"size":1.3579589128494263,"orthographic":false}