{"cameraMode":{"drawMode":0,"name":"Shaded","section":"Shading Mode"},"sceneLighting":false,"audioPlay":false,"sceneViewState":{"m_AlwaysRefresh":false,"showFog":true,"showSkybox":false,"showFlares":true,"showImageEffects":true,"showParticleSystems":true,"showVisualEffectGraphs":true,"m_FxEnabled":true},"in2DMode":false,"pivot":{"x":0.132695734500885,"y":0.012116074562072754,"z":-0.00020569562911987305},"rotation":{"x":0.11348595470190048,"y":0.7859159708023071,"z":-0.15158332884311677,"w":0.5887084007263184},"size":1.2786146402359009,"orthographic":false}